iteration,total_runs,mean,standard_deviation,min,max,0,1,2,3,4,5,6,7,8,base
0,0,0,0,0,0,0,0,0,0,0,0,0,,,
1,105,0.584458,0.632134,0.00212436,1.55484,0.0276223,1.25395,1.55484,0.00212436,0.753828,0.478908,0.0199306,,,
2,210,0.784359,0.740474,0.00917609,1.72399,0.0298829,1.72399,1.53008,0.00917609,1.20115,0.912298,0.0839405,,,
3,315,1.09336,0.984743,0.0224239,2.40316,0.0342403,2.40316,1.50526,0.0224239,1.87124,1.61252,0.204648,,,
