iteration,total_runs,mean,standard_deviation,min,max,0,1,2,3,4,5,6
0,0,1.0509,1.4916,0.059866,4.35168,0.059866,1.07867,4.35168,0.413092,0.639626,0.587185,0.226196
1,105,0.36609,0.176443,0.108386,0.65349,0.41905,0.108386,0.371025,0.35261,0.65349,0.455578,0.202493
2,210,0.409999,0.247988,0.05749,0.769522,0.769522,0.05749,0.390842,0.329381,0.678785,0.424125,0.21985
3,315,0.435446,0.314018,0.045349,0.988873,0.988873,0.045349,0.410265,0.311725,0.700481,0.358769,0.232657
