iteration,total_runs,mean,standard_deviation,min,max,0,1,2,3,4,5,6,7,8,base
0,10,1.57343,1.33525,0.237839,4.47498,1.5313,1.5316,0.812385,0.237839,4.47498,0.394082,3.26027,0.603118,1.28704,1.60167
1,110,1.57343,1.33525,0.237839,4.47498,1.5313,1.5316,0.812385,0.237839,4.47498,0.394082,3.26027,0.603118,1.28704,1.60167
2,210,1.57343,1.33525,0.237839,4.47498,1.5313,1.5316,0.812385,0.237839,4.47498,0.394082,3.26027,0.603118,1.28704,1.60167
3,310,1.57343,1.33525,0.237839,4.47498,1.5313,1.5316,0.812385,0.237839,4.47498,0.394082,3.26027,0.603118,1.28704,1.60167
