iteration,total_runs,mean,standard_deviation,min,max,0,1,2,3,4,5,6,7,8,9,10,11,12,13,14,15,16,17,18,19,20,21,22,23,24,25,26,27,28,base
0,30,0,0,0,0,0,0,0,0,0,0,0,0,0,0,0,0,0,0,0,0,0,0,0,0,0,0,0,0,0,0,0,0,0,0
1,156,0.850324,1.01571,0.00387554,4.24629,0.213967,0.133318,0.00387554,1.88263,0.868303,0.348674,2.17155,0.144657,4.24629,1.60477,0.222913,1.25136,0.35684,0.0504332,2.85933,0.362839,1.19587,0.952059,0.675526,0.490249,0.164576,0.564283,0.103335,0.0585864,0.0597978,0.580278,1.1703,2.57028,0.0785504,0.124284
2,282,1.16888,1.27199,0.00588758,5.51604,0.265143,0.288425,0.00588758,2.40665,1.22801,0.566592,2.36468,0.474648,5.51604,1.77893,0.447178,1.34556,0.775076,0.0835068,3.93503,0.709467,1.65823,1.65622,1.05939,0.732256,0.245779,0.935963,0.239527,0.130773,0.0833501,0.878393,1.67787,3.20874,0.188403,0.180711
3,408,1.63411,1.67279,0.00854337,7.52827,0.323007,0.508125,0.00854337,2.90453,1.80936,0.876533,2.58531,1.0505,7.52827,1.9937,0.77608,1.4405,1.53781,0.146512,5.50002,1.39155,2.28987,2.78197,1.58421,1.12483,0.359372,1.39867,0.470879,0.237197,0.112642,1.21272,2.45862,3.98502,0.352771,0.274076
