iteration,total_runs,mean,standard_deviation,min,max,0,1,2,3,4,5,6,7,8,base
0,0,0,0,0,0,0,0,0,0,0,0,0,0,0,0
1,150,0.763646,0.751823,0.00697114,2.3719,0.0238139,1.29123,1.28615,0.00697114,0.824478,0.650457,0.0655734,0.905053,2.3719,0.210834
2,300,1.13396,0.970634,0.0235354,3.04829,0.0357844,1.96568,1.36596,0.0235354,1.52724,1.43647,0.218835,1.30332,3.04829,0.414517
3,450,1.58266,1.24648,0.0441409,3.66736,0.0607872,2.67932,1.44721,0.0441409,2.26006,2.55608,0.397639,1.99757,3.66736,0.71638
