iteration,total_runs,mean,standard_deviation,min,max,0,1,2,3,4,5,6
0,0,5.00151,3.99022,0.218118,11.7323,11.7323,7.42165,6.32521,4.21718,0.666151,4.42998,0.218118
1,103,3.31188,3.3764,0.193737,9.58114,9.58114,4.56188,0.193737,3.86869,0.637664,4.13753,0.202502
2,206,2.9752,2.95129,0.174072,8.32437,8.32437,4.02417,0.185731,3.56137,0.604374,3.95227,0.174072
3,306,2.9752,2.95129,0.174072,8.32437,8.32437,4.02417,0.185731,3.56137,0.604374,3.95227,0.174072
