iteration,total_runs,mean,standard_deviation,min,max,0,1,2,3,4,5,6,7,8,9,10,11,12,13,14,15,16,17,18,19,20,21,22,23,24,25,26,27,28,base
0,30,1.56751,2.28972,0.000148,8.94901,1.02938,0.32045,0.032929,5.81521,1.30585,0.439016,7.5869,0.551642,2.59211,2.40248,0.254137,4.70701,0.427825,0.814138,2.49066,0.000148,0.359257,0.744841,0.521305,0.62969,0.192845,2.61439,0.286736,0.125325,0.465749,0.007373,0.491641,8.94901,0.36725,0.5
1,130,1.56751,2.28972,0.000148,8.94901,1.02938,0.32045,0.032929,5.81521,1.30585,0.439016,7.5869,0.551642,2.59211,2.40248,0.254137,4.70701,0.427825,0.814138,2.49066,0.000148,0.359257,0.744841,0.521305,0.62969,0.192845,2.61439,0.286736,0.125325,0.465749,0.007373,0.491641,8.94901,0.36725,0.5
