iteration,total_runs,mean,standard_deviation,min,max,0,1,2,3,4,5,6,7,8,base
0,10,2.53314,2.11582,0.5,6.13547,2.77882,5.68903,1.18039,0.73487,1.53338,0.518704,2.0521,4.20862,6.13547,0.5
1,116,1.7181,1.51605,0.336488,4.57518,2.11102,2.74659,0.3618,0.572045,0.955235,0.412573,1.42339,3.6867,4.57518,0.336488
2,222,1.62798,1.69852,0.259493,5.30699,1.88646,2.47062,0.280927,0.489187,0.514696,0.383994,1.14849,3.53896,5.30699,0.259493
3,328,1.62798,1.69852,0.259493,5.30699,1.88646,2.47062,0.280927,0.489187,0.514696,0.383994,1.14849,3.53896,5.30699,0.259493
