iteration,total_runs,mean,standard_deviation,min,max,0,1,2,3,4,5,6,7,8,9,10,11,12,13,14,15,16,17,18,19,20,21,22,23,24,25,26,27,28,base
0,30,0,0,0,0,0,0,0,0,0,0,0,0,0,0,0,0,0,0,0,0,0,0,0,0,0,0,0,0,0,0,0,0,0,0
1,156,0.850324,1.01571,0.00387554,4.24629,0.213967,0.133318,0.00387554,1.88263,0.868303,0.348674,2.17155,0.144657,4.24629,1.60477,0.222913,1.25136,0.35684,0.0504332,2.85933,0.362839,1.19587,0.952059,0.675526,0.490249,0.164576,0.564283,0.103335,0.0585864,0.0597978,0.580278,1.1703,2.57028,0.0785504,0.124284
2,282,1.16934,1.27233,0.00589091,5.51775,0.265208,0.2887,0.00589091,2.40737,1.22853,0.566962,2.36497,0.475204,5.51775,1.77914,0.447569,1.34569,0.77575,0.0835539,3.93645,0.709997,1.65887,1.65724,1.05992,0.732596,0.245908,0.936593,0.239741,0.130886,0.0833825,0.878805,1.67858,3.20964,0.188595,0.180789
3,408,1.63496,1.67334,0.008549,7.53059,0.323069,0.508649,0.008549,2.90547,1.81064,0.87721,2.58581,1.05181,7.53059,1.99417,0.776813,1.44072,1.53954,0.146655,5.50264,1.39317,2.29138,2.78367,1.58553,1.12573,0.359626,1.39974,0.471421,0.237138,0.112714,1.21289,2.45986,3.9863,0.353143,0.27429
