iteration,total_runs,mean,standard_deviation,min,max,0,1,2,3,4,5,6
0,0,1.0509,1.4916,0.059866,4.35168,0.059866,1.07867,4.35168,0.413092,0.639626,0.587185,0.226196
1,105,1.49829,3.09283,0.027716,8.50274,0.027716,0.437225,8.50274,0.421802,0.474165,0.415912,0.208442
2,210,1.30433,2.42765,0.025744,6.7758,0.025744,0.464921,6.7758,0.450073,0.893444,0.31181,0.208493
3,315,1.63685,2.88129,0.038617,8.01204,0.038617,0.555125,8.01204,0.476968,1.93309,0.246361,0.195722
