real_name,STAGE,K_01,K_02,K_03,K_04,K_05,K_06,K_07,K_08,K_09,K_10
0,1,2.5,1.98062,16.0239,5.64894,1.83009,11.7364,0.886089,7.88628,0.646182,2.5
1,1,2.5,1.00418,2.61151,2.40582,4.39419,0.569291,0.379042,3.58812,8.20375,2.5
2,1,2.5,8.76522,1.79435,4.81342,0.466862,3.18117,1.81268,7.6084,0.689995,2.5
3,1,2.5,2.1175,5.08891,1.90219,1.12349,1.28236,1.48646,14.4979,3.17833,2.5
4,1,2.5,5.76962,14.1956,1.80668,1.06863,1.75394,1.2257,1.64604,0.544523,2.5
5,1,2.5,1.73527,2.0974,24.1995,3.32774,0.775266,0.321508,20.3892,6.82033,2.5
6,1,2.5,1.26332,13.9323,2.57321,0.583964,11.3373,2.22078,1.09567,1.39912,2.5
