iteration,total_runs,mean,standard_deviation,min,max,0,1,2,3,4,5,6,7,8,base
0,0,0.940533,1.25835,0.059866,4.35168,0.059866,1.07867,4.35168,0.413092,0.639626,0.587185,0.226196,0.801005,0.077797,1.17022
1,150,0.399342,0.24104,0.009274,0.679381,0.507586,0.041365,0.581764,0.324109,0.679381,0.515333,0.231316,0.664445,0.009274,0.438848
2,300,0.391154,0.243245,0.021821,0.707629,0.616114,0.021821,0.650952,0.292945,0.707629,0.3965,0.257986,0.540317,0.03313,0.394145
3,450,0.357261,0.243939,0.011197,0.718965,0.627346,0.011197,0.675425,0.22948,0.718965,0.238698,0.274256,0.337552,0.087266,0.372425
