iteration,total_runs,mean,standard_deviation,min,max,0,1,2,3,4,5,6,7,8,base
0,10,1.46326,1.37745,0.237839,4.47498,1.5313,1.5316,0.812385,0.237839,4.47498,0.394082,3.26027,0.603118,1.28704,0.5
1,116,0.974104,0.96235,0.178889,2.79978,1.27185,0.847484,0.313065,0.178889,2.57043,0.260813,2.79978,0.470051,0.731192,0.297485
2,222,0.650471,0.713543,0.129793,2.48881,0.948431,0.679243,0.141821,0.129793,0.57113,0.163977,2.48881,0.378369,0.83474,0.168394
3,322,0.650471,0.713543,0.129793,2.48881,0.948431,0.679243,0.141821,0.129793,0.57113,0.163977,2.48881,0.378369,0.83474,0.168394
