iteration,total_runs,mean,standard_deviation,min,max,0,1,2,3,4,5,6,7,8,base
0,10,2.48091,3.41248,0.312705,11.2069,1.20747,5.29097,11.2069,1.32509,0.495226,0.383885,1.5638,0.312705,2.5231,0.5
1,116,1.64165,2.27618,0.162913,7.86815,0.695477,2.20747,7.86815,1.06554,1.00254,0.289348,1.21728,0.162913,1.57127,0.336488
2,222,1.87808,2.70519,0.124466,9.28047,0.645877,2.07524,9.28047,0.908498,1.8324,0.262208,1.38342,0.124466,2.00872,0.259493
3,328,1.87808,2.70519,0.124466,9.28047,0.645877,2.07524,9.28047,0.908498,1.8324,0.262208,1.38342,0.124466,2.00872,0.259493
