iteration,total_runs,mean,standard_deviation,min,max,0,1,2,3,4,5,6,7,8,base
0,0,0.940533,1.25835,0.059866,4.35168,0.059866,1.07867,4.35168,0.413092,0.639626,0.587185,0.226196,0.801005,0.077797,1.17022
1,150,0.34834,0.189171,0.025045,0.590848,0.025045,0.3529,0.425386,0.442261,0.533249,0.287101,0.353312,0.590848,0.035345,0.437953
2,300,0.390754,0.237089,0.02228,0.673184,0.02228,0.673184,0.311345,0.476485,0.594994,0.206837,0.587284,0.633245,0.07508,0.326804
3,450,0.494584,0.426857,0.021256,1.20602,0.021256,1.04087,0.227061,0.510121,0.61858,0.116005,0.879008,1.20602,0.08072,0.246209
