iteration,total_runs,mean,standard_deviation,min,max,0,1,2,3,4,5,6,7,8,base
0,0,2.9271,2.52447,0.062501,8.10145,0.0964147,4.84765,4.07493,0.062501,3.34467,3.34075,0.597854,3.63453,8.10145,1.17022
1,150,1.83848,2.15648,0.0466361,6.94897,0.0565905,2.31498,0.158899,0.0466361,3.06349,2.61103,0.421668,2.32459,6.94897,0.437953
2,300,1.57852,1.88306,0.0382695,5.91248,0.0492278,2.14065,0.0864936,0.0382695,3.06266,2.26329,0.298863,1.60648,5.91248,0.326804
3,450,1.41656,1.90004,0.0375398,5.87689,0.0404805,2.15852,0.0428145,0.0375398,3.03468,1.93492,0.280139,0.51341,5.87689,0.246209
