iteration,total_runs,mean,standard_deviation,min,max,0,1,2,3,4,5,6,7,8,base
0,0,0,0,0,0,0,0,0,0,0,0,0,,,
1,103,0.584458,0.632134,0.00212436,1.55484,0.0276223,1.25395,1.55484,0.00212436,0.753828,0.478908,0.0199306,,,
2,206,0.784359,0.740474,0.00917609,1.72399,0.0298829,1.72399,1.53008,0.00917609,1.20115,0.912298,0.0839405,,,
3,306,0.784359,0.740474,0.00917609,1.72399,0.0298829,1.72399,1.53008,0.00917609,1.20115,0.912298,0.0839405,,,
