iteration,total_runs,mean,standard_deviation,min,max,0,1,2,3,4,5,6
0,0,1.0509,1.4916,0.059866,4.35168,0.059866,1.07867,4.35168,0.413092,0.639626,0.587185,0.226196
1,103,0.288284,0.155794,0.022634,0.515117,0.022634,0.230221,0.30593,0.422852,0.515117,0.24869,0.272546
2,206,0.284433,0.165334,0.022573,0.502237,0.022573,0.300277,0.282724,0.433129,0.502237,0.128648,0.32144
3,306,0.284433,0.165334,0.022573,0.502237,0.022573,0.300277,0.282724,0.433129,0.502237,0.128648,0.32144
