real_name,STAGE,K_01,K_02,K_03,K_04,K_05,K_06,K_07,K_08,K_09,K_10
0,1,2.5,1.51362,12.0525,5.0962,2.04839,9.38624,0.806872,6.98065,1.01783,2.5
1,1,2.5,1.1352,2.22257,1.96127,3.37924,0.552465,0.467715,2.99766,7.95922,2.5
2,1,2.5,8.39884,1.73183,4.7754,0.478668,3.08388,1.77592,7.52157,0.737229,2.5
4,1,2.5,6.2471,14.4489,1.75862,0.984902,1.81811,1.30927,1.61712,0.495713,2.5
6,1,2.5,1.22097,13.2675,2.51196,0.586898,10.9569,2.21077,1.06775,1.49365,2.5
3,1,2.5,2.56047,5.20592,1.75373,0.91152,1.38499,1.75984,13.6791,2.56988,2.5
5,1,2.5,2.10366,2.07593,21.6544,2.62798,0.825623,0.38889,18.7114,5.61145,2.5
