iteration,total_runs,mean,standard_deviation,min,max,0,1,2,3,4,5,6,7,8,base
0,0,0,0,0,0,0,0,0,0,0,0,0,0,0,0
1,150,1.03353,1.06371,0.0692336,3.36115,3.36115,1.44654,2.08455,0.490764,0.0838447,0.520441,0.0692336,1.49376,0.575651,0.209352
2,300,1.81466,1.79851,0.131708,6.10003,6.10003,2.33062,2.43985,1.13428,0.195677,1.1931,0.131708,2.95716,1.35715,0.306988
3,450,2.86013,2.85744,0.214693,9.81595,9.81595,3.26617,2.80352,2.07015,0.364544,2.18113,0.214693,4.98841,2.4745,0.422187
