iteration,total_runs,mean,standard_deviation,min,max,0,1,2,3,4,5,6,7,8,base
0,10,0.873512,1.2626,0.059866,4.35168,0.059866,1.07867,4.35168,0.413092,0.639626,0.587185,0.226196,0.801005,0.077797,0.5
1,116,1.2422,2.83051,0.025562,9.26466,0.041665,0.489581,9.26466,0.399173,0.486722,0.433837,0.101732,0.881602,0.025562,0.297485
2,222,1.12007,2.18301,0.024245,7.20017,0.06085,0.585625,7.20017,0.41893,1.43863,0.322213,0.051245,0.930436,0.024245,0.168394
3,322,1.12007,2.18301,0.024245,7.20017,0.06085,0.585625,7.20017,0.41893,1.43863,0.322213,0.051245,0.930436,0.024245,0.168394
