iteration,total_runs,mean,standard_deviation,min,max,0,1,2,3,4,5,6
0,0,0,0,0,0,0,0,0,0,0,0,0
1,105,0.370061,0.49267,0.0910243,1.45376,0.0976796,0.259378,0.108131,0.0910243,1.45376,0.15554,0.424916
2,210,1.01292,1.43541,0.100233,4.15269,0.394722,0.480559,0.100233,0.250253,4.15269,0.423068,1.2889
3,315,1.70156,2.23524,0.242643,6.53695,1.01475,0.733201,0.242643,0.405511,6.53695,0.68618,2.29166
