iteration,total_runs,mean,standard_deviation,min,max,0,1,2,3,4,5,6,7,8,9,10,11,12,13,14,15,16,17,18,19,20,21,22,23,24,25,26,27,28,base
0,30,1.56751,2.28972,0.000148,8.94901,1.02938,0.32045,0.032929,5.81521,1.30585,0.439016,7.5869,0.551642,2.59211,2.40248,0.254137,4.70701,0.427825,0.814138,2.49066,0.000148,0.359257,0.744841,0.521305,0.62969,0.192845,2.61439,0.286736,0.125325,0.465749,0.007373,0.491641,8.94901,0.36725,0.5
1,156,0.436551,0.484457,0.001009,1.70178,0.206692,0.374977,0.027234,1.51596,0.623521,0.286708,0.108785,0.40345,0.664992,0.146149,0.125242,0.050813,1.5627,0.661453,0.440017,0.179684,0.001009,0.125593,0.09026,0.345865,0.132148,1.46675,0.117928,0.120292,0.1769,0.4329,0.27506,1.70178,0.435305,0.296365
2,282,0.404382,0.467892,0.02756,1.97249,0.132778,0.427873,0.02756,0.41962,0.4493,0.172133,0.12017,0.356786,0.703385,0.18713,0.082165,0.029809,1.37385,0.621252,0.458354,0.178868,0.122065,0.117209,0.060937,0.200786,0.05989,1.97249,0.091936,0.159925,0.139258,1.11704,0.314354,1.35171,0.449936,0.232882
3,408,0.457781,0.580353,0.017497,2.50943,0.092537,0.50705,0.028537,0.117241,0.297504,0.08458,0.14305,0.402217,0.669776,0.217673,0.04797,0.020765,1.45632,0.581953,0.590693,0.17101,0.46517,0.342637,0.257058,0.10585,0.017497,2.50943,0.071312,0.218282,0.112946,1.80573,0.470522,1.28893,0.457537,0.181649
