iteration,total_runs,mean,standard_deviation,min,max,0,1,2,3,4,5,6,7,8,9,10,11,12,13,14,15,16,17,18,19,20,21,22,23,24,25,26,27,28,base
0,30,0,0,0,0,0,0,0,0,0,0,0,0,0,0,0,0,0,0,0,0,0,0,0,0,0,0,0,0,0,0,0,0,0,0
1,156,0.850324,1.01571,0.00387554,4.24629,0.213967,0.133318,0.00387554,1.88263,0.868303,0.348674,2.17155,0.144657,4.24629,1.60477,0.222913,1.25136,0.35684,0.0504332,2.85933,0.362839,1.19587,0.952059,0.675526,0.490249,0.164576,0.564283,0.103335,0.0585864,0.0597978,0.580278,1.1703,2.57028,0.0785504,0.124284
