iteration,total_runs,mean,standard_deviation,min,max,0,1,2,3,4,5,6,7,8,9,10,11,12,13,14,15,16,17,18,19,20,21,22,23,24,25,26,27,28,base
0,30,3.98791,4.04552,0.0305408,17.2999,0.884816,1.98191,0.0305408,8.19906,3.95377,2.62947,9.47785,2.18786,17.2999,6.63684,2.37165,5.34606,3.06248,0.208584,11.4077,2.11373,4.94725,4.54478,2.82036,1.99593,0.953094,4.68754,0.823149,0.495047,0.30024,2.47586,4.9856,11.3067,1.00946,0.5
1,156,1.72317,1.36674,0.0196708,4.90467,0.117039,1.75095,0.0196708,3.24488,2.78255,2.31816,1.01474,2.01098,3.66437,0.528016,2.02656,0.403784,2.13386,0.136943,4.90467,1.40356,2.68025,2.51562,1.44567,1.44247,0.839336,3.11191,0.602476,0.317907,0.0634996,1.01772,3.50574,4.48219,0.91331,0.296365
2,282,1.38658,1.12743,0.0169203,3.709,0.0523887,1.62626,0.0169203,1.76037,2.46321,2.06005,0.947049,1.85969,3.59657,0.476732,1.85509,0.362279,1.85695,0.118565,3.709,1.36617,1.76289,1.71905,0.745289,1.09251,0.679985,2.73318,0.516917,0.240598,0.0385915,0.382646,2.81066,3.66129,0.853993,0.232381
3,408,1.15792,1.02548,0.0148825,3.65844,0.0221953,1.52737,0.0148825,1.25632,2.16262,1.82585,0.88518,1.66765,3.65844,0.445461,1.70111,0.330194,1.4632,0.102269,3.11344,1.32053,1.09417,0.918047,0.281732,0.783965,0.556254,2.43375,0.42893,0.17916,0.0241974,0.128268,2.26363,3.17363,0.793863,0.181306
