iteration,total_runs,mean,standard_deviation,min,max,0,1,2,3,4,5,6,7,8,9,10,11,12,13,14,15,16,17,18,19,20,21,22,23,24,25,26,27,28,base
0,30,0,0,0,0,0,0,0,0,0,0,0,0,0,0,0,0,0,0,0,0,0,0,0,0,0,0,0,0,0,0,0,0,0,0
1,156,0.850324,1.01571,0.00387554,4.24629,0.213967,0.133318,0.00387554,1.88263,0.868303,0.348674,2.17155,0.144657,4.24629,1.60477,0.222913,1.25136,0.35684,0.0504332,2.85933,0.362839,1.19587,0.952059,0.675526,0.490249,0.164576,0.564283,0.103335,0.0585864,0.0597978,0.580278,1.1703,2.57028,0.0785504,0.124284
2,282,1.16745,1.2799,0.00574937,5.57929,0.267881,0.27982,0.00574937,2.39523,1.22249,0.548747,2.33655,0.460953,5.57929,1.77417,0.428549,1.33338,0.775736,0.0845372,3.96027,0.716859,1.66215,1.67729,1.07215,0.735986,0.241319,0.899958,0.24025,0.13094,0.0841118,0.889917,1.6779,3.1788,0.180613,0.181852
3,408,1.6219,1.68264,0.00817026,7.59683,0.327585,0.484695,0.00817026,2.88256,1.80834,0.831181,2.51408,0.990228,7.59683,1.9947,0.720734,1.41287,1.50987,0.148296,5.53407,1.39117,2.306,2.8001,1.60194,1.13479,0.349757,1.31303,0.46386,0.232913,0.113308,1.22963,2.45631,3.89487,0.327808,0.277298
