iteration,total_runs,mean,standard_deviation,min,max,0,1,2,3,4,5,6,7,8,base
0,0,4.73489,3.49965,0.218118,11.7323,11.7323,7.42165,6.32521,4.21718,0.666151,4.42998,0.218118,5.74216,5.42597,1.17022
1,150,3.21398,2.85117,0.205358,8.90758,8.90758,3.9814,0.371821,3.42769,0.581485,3.79583,0.205358,5.25802,5.17182,0.438848
2,300,3.00316,2.6676,0.196239,8.27971,8.27971,3.65947,0.360257,3.10649,0.541345,3.57617,0.196239,4.79719,5.12059,0.394145
3,450,2.88011,2.60738,0.188496,8.16809,8.16809,3.5996,0.327762,2.87625,0.513041,3.45592,0.188496,4.17027,5.12927,0.372425
