real_name,STAGE,K_01,K_02,K_03,K_04,K_05,K_06,K_07,K_08,K_09,K_10
0,1,2.5,1.58616,1.04322,3.09949,1.55626,7.89586,0.835161,5.50698,1.97041,2.5
1,1,2.5,2.34876,3.41468,1.00941,1.44076,0.361143,1.01377,2.21606,4.80137,2.5
2,1,2.5,7.96175,1.05761,4.916,0.508705,3.17426,1.60437,7.67081,0.855874,2.5
3,1,2.5,3.89411,7.8822,1.37182,0.580192,1.19576,2.66579,12.7032,1.7603,2.5
4,1,2.5,5.86146,4.05394,1.815,0.980834,2.07747,1.15924,1.74889,0.682013,2.5
5,1,2.5,2.43066,0.812132,22.5125,2.30353,0.897451,0.38755,20.6644,6.0377,2.5
6,1,2.5,1.44805,12.2429,1.90199,0.44998,9.50956,2.79574,0.932158,1.42467,2.5
