iteration,total_runs,mean,standard_deviation,min,max,0,1,2,3,4,5,6,7,8,base
0,10,0,0,0,0,0,0,0,0,0,0,0,0,0,0
1,116,0.320535,0.32399,0.0723166,1.13585,0.175699,0.301688,0.129406,0.0723166,1.13585,0.120582,0.568238,0.15851,0.390098,0.152958
2,222,0.975878,1.12046,0.112286,3.92107,0.79205,0.61406,0.112286,0.224134,3.92107,0.37725,1.58904,0.625256,1.06119,0.442447
3,322,0.975878,1.12046,0.112286,3.92107,0.79205,0.61406,0.112286,0.224134,3.92107,0.37725,1.58904,0.625256,1.06119,0.442447
