iteration,total_runs,mean,standard_deviation,min,max,0,1,2,3,4,5,6
0,0,2.33782,2.0234,0.062501,4.84765,0.0964147,4.84765,4.07493,0.062501,3.34467,3.34075,0.597854
1,103,1.29843,1.41781,0.0545908,3.11214,0.0545908,2.52219,0.0804787,0.0558111,3.11214,2.74477,0.519056
2,206,1.19267,1.3216,0.0500996,3.04359,0.0525753,2.28948,0.0688139,0.0500996,3.04359,2.39091,0.453221
3,306,1.19267,1.3216,0.0500996,3.04359,0.0525753,2.28948,0.0688139,0.0500996,3.04359,2.39091,0.453221
