real_name,STAGE,K_01,K_02,K_03,K_04,K_05,K_06,K_07,K_08,K_09,K_10
1,1,2.5,2.33067,1.54523,0.949416,1.46831,0.350669,0.929062,2.22315,5.88273,2.5
5,1,2.5,4.26195,1.2752,15.9399,1.31628,0.744586,0.640893,17.7808,3.64058,2.5
3,1,2.5,4.63947,3.71403,1.38968,0.509153,1.28759,2.6943,13.3613,1.74789,2.5
2,1,2.5,16.5801,0.280853,2.92363,0.25,2.42103,2.50097,6.74138,0.727213,2.5
6,1,2.5,1.25832,1.8031,2.97838,0.548042,15.1248,1.85168,1.24544,2.08028,2.5
0,1,2.5,2.85716,0.937287,2.32066,0.986665,6.44796,1.18094,4.99221,1.29531,2.5
4,1,2.5,25,1.8747,0.999443,0.283529,1.56109,2.80807,1.50878,0.256482,2.5
