iteration,total_runs,mean,standard_deviation,min,max,0,1,2,3,4,5,6,7,8,9,10,11,12,13,14,15,16,17,18,19,20,21,22,23,24,25,26,27,28,base
0,30,1.56751,2.28972,0.000148,8.94901,1.02938,0.32045,0.032929,5.81521,1.30585,0.439016,7.5869,0.551642,2.59211,2.40248,0.254137,4.70701,0.427825,0.814138,2.49066,0.000148,0.359257,0.744841,0.521305,0.62969,0.192845,2.61439,0.286736,0.125325,0.465749,0.007373,0.491641,8.94901,0.36725,0.5
1,156,0.436551,0.484457,0.001009,1.70178,0.206692,0.374977,0.027234,1.51596,0.623521,0.286708,0.108785,0.40345,0.664992,0.146149,0.125242,0.050813,1.5627,0.661453,0.440017,0.179684,0.001009,0.125593,0.09026,0.345865,0.132148,1.46675,0.117928,0.120292,0.1769,0.4329,0.27506,1.70178,0.435305,0.296365
2,282,0.397395,0.449198,0.02756,1.87848,0.129529,0.42557,0.02756,0.421978,0.449725,0.17225,0.113152,0.357057,0.687809,0.181337,0.083104,0.030722,1.37256,0.620041,0.456409,0.176642,0.124328,0.120425,0.064138,0.198794,0.05924,1.87848,0.091936,0.160466,0.13789,1.13286,0.338881,1.22685,0.449725,0.232381
3,408,0.446819,0.550396,0.017545,2.31713,0.089941,0.496484,0.028069,0.125546,0.29696,0.086561,0.127697,0.401013,0.65026,0.20689,0.050609,0.020872,1.45825,0.582938,0.60029,0.17216,0.468353,0.348202,0.265234,0.106312,0.017545,2.31713,0.071109,0.214829,0.112357,1.8136,0.518401,1.11807,0.457605,0.181306
