iteration,total_runs,mean,standard_deviation,min,max,0,1,2,3,4,5,6,7,8,base
0,10,0,0,0,0,0,0,0,0,0,0,0,0,0,0
1,116,0.406836,0.392681,0.10011,1.18963,0.35623,0.98949,0.16188,0.148017,0.191478,0.102066,0.224324,0.605127,1.18963,0.10011
2,222,0.887337,0.773307,0.226411,2.6678,0.748107,1.61376,0.248056,0.349961,0.717603,0.233543,0.908931,1.15919,2.6678,0.226411
3,328,0.887337,0.773307,0.226411,2.6678,0.748107,1.61376,0.248056,0.349961,0.717603,0.233543,0.908931,1.15919,2.6678,0.226411
