real_name,STAGE,K_01,K_02,K_03,K_04,K_05,K_06,K_07,K_08,K_09,K_10
1,1,2.5,2.08535,2.72653,1.14902,1.61854,0.386806,0.894123,2.39953,5.49865,2.5
2,1,2.5,8.06931,1.10387,4.7512,0.495224,3.13008,1.65365,7.51372,0.843669,2.5
0,1,2.5,1.59218,1.02141,3.18596,1.58546,7.95927,0.816888,5.59858,1.95895,2.5
5,1,2.5,2.70951,1.04098,19.067,2.0027,0.830047,0.452147,18.6718,5.34686,2.5
3,1,2.5,3.84247,7.59747,1.40998,0.593187,1.21003,2.60064,12.9169,1.78619,2.5
4,1,2.5,6.7661,5.13448,1.61482,0.876387,1.93675,1.3057,1.62698,0.577979,2.5
6,1,2.5,1.39656,10.9642,2.0732,0.481822,9.85762,2.58898,0.982242,1.48138,2.5
