iteration,total_runs,mean,standard_deviation,min,max,0,1,2,3,4,5,6,7,8,9,10,11,12,13,14,15,16,17,18,19,20,21,22,23,24,25,26,27,28,base
0,30,3.98791,4.04552,0.0305408,17.2999,0.884816,1.98191,0.0305408,8.19906,3.95377,2.62947,9.47785,2.18786,17.2999,6.63684,2.37165,5.34606,3.06248,0.208584,11.4077,2.11373,4.94725,4.54478,2.82036,1.99593,0.953094,4.68754,0.823149,0.495047,0.30024,2.47586,4.9856,11.3067,1.00946,0.5
1,156,1.72317,1.36674,0.0196708,4.90467,0.117039,1.75095,0.0196708,3.24488,2.78255,2.31816,1.01474,2.01098,3.66437,0.528016,2.02656,0.403784,2.13386,0.136943,4.90467,1.40356,2.68025,2.51562,1.44567,1.44247,0.839336,3.11191,0.602476,0.317907,0.0634996,1.01772,3.50574,4.48219,0.91331,0.296365
2,282,1.38687,1.13025,0.0169203,3.76953,0.0547322,1.62309,0.0169203,1.74769,2.45649,2.0507,0.93168,1.85395,3.56818,0.465067,1.84552,0.351321,1.85848,0.119201,3.76953,1.36521,1.76446,1.73744,0.761038,1.09977,0.678574,2.70977,0.516917,0.240598,0.039362,0.391239,2.83385,3.67157,0.850749,0.232882
3,408,1.15036,1.02163,0.0145945,3.62043,0.0237388,1.52233,0.0145945,1.22323,2.152,1.80801,0.859413,1.64946,3.62043,0.425963,1.68091,0.311248,1.45138,0.102026,3.15535,1.31995,1.08659,0.927638,0.288695,0.789618,0.551562,2.39863,0.426026,0.1761,0.0244876,0.132024,2.27268,3.14877,0.78634,0.181649
