iteration,total_runs,mean,standard_deviation,min,max,0,1,2,3,4,5,6
0,0,1.74892,1.57089,0.237839,4.47498,1.5313,1.5316,0.812385,0.237839,4.47498,0.394082,3.26027
1,103,1.268,1.20852,0.166924,3.11663,1.38497,0.918122,0.337049,0.166924,2.70982,0.242458,3.11663
2,206,0.954433,1.00527,0.132181,2.98062,1.2447,0.789263,0.248269,0.132181,1.13171,0.154293,2.98062
3,309,0.726588,0.946556,0.0997479,2.70674,1.07983,0.685134,0.147557,0.111767,0.255329,0.0997479,2.70674
