iteration,total_runs,mean,standard_deviation,min,max,0,1,2,3,4,5,6,7,8,base
0,0,0,0,0,0,0,0,0,0,0,0,0,,,
1,105,1.13119,1.39071,0.0328629,3.48174,3.48174,1.52719,2.45793,0.163868,0.0328629,0.177091,0.077636,,,
2,210,1.54393,1.70429,0.0840407,4.58169,4.58169,2.53367,2.48259,0.498366,0.0840407,0.522083,0.105086,,,
3,315,2.20765,2.31119,0.151692,6.49952,6.49952,3.85654,2.56008,1.0711,0.177485,1.13715,0.151692,,,
