iteration,_is_super,_lambda,_scale_factor,stage,k_01,k_02,k_03,k_04,k_05,k_06,k_07,k_08,k_09,k_10
0,0,0.1,1,,,0.843947,0.847939,1.74887,2.29681,2.4934,2.5,2.5,2.5,2.5
0,0,1,1,,,0.833611,0.848978,1.80022,2.3393,2.49477,2.5,2.5,2.5,2.5
0,0,10,1,,,1.65357,0.5,2.23676,2.49692,2.4999,2.5,2.5,2.5,2.5
0,0,20,1,,,0.5,12.1638,1.7996,2.66125,2.49604,2.5,2.5,2.5,2.5
0,0,40,1,,,2.48382,2.48174,2.3062,0.995066,2.43452,2.5,2.5,2.5,2.5
0,0,100,1,,,4.23086,1.2327,1.81022,1.63271,2.96685,2.5,2.5,2.5,2.5
0,0,1000,1,,,2.45935,2.24069,2.56104,2.50552,2.50001,2.5,2.5,2.5,2.5
