iteration,total_runs,mean,standard_deviation,min,max,0,1,2,3,4,5,6,7,8,9,10,11,12,13,14,15,16,17,18,19,20,21,22,23,24,25,26,27,28,BASE
0,30,0,0,0,0,0,0,0,0,0,0,0,0,0,0,0,0,0,0,0,0,0,0,0,0,0,0,0,0,0,0,0,0,0,0
1,116,316.425,508.771,1.46841,2070.67,825.112,189.297,81.9382,601.48,25.356,1.46841,2070.67,1999.27,84.1588,183.862,278.367,357.278,292.255,100.644,80.2215,10.8449,516.573,16.9041,87.5505,79.4972,2.54338,489.871,209.254,38.5239,200.483,83.5837,27.8052,90.0918,406.778,61.0568
2,202,404.2,596.916,5.16772,2453.3,901.111,645.448,86.0239,590.023,29.4799,5.16772,2453.3,2264.72,78.7516,227.135,260.873,552.593,336.783,191.194,106.504,18.6726,558.072,22.6423,181.096,75.45,5.21919,1038.72,486.72,48.6588,189.779,98.7937,54.3821,124.982,410.943,82.7698
3,288,503.22,561.089,61.2654,2273.06,1054.35,677.613,133.763,573.289,312.675,134.681,2273.06,2108.84,93.6389,229.564,358.973,908.893,383.237,296.362,536.764,61.2654,823.405,83.8106,478.419,94.5092,120.271,1384.25,566.118,94.4421,186.336,173.489,167.146,240.732,436.801,109.915
